Administrative Assistant I,196
Quality Engineer,62
Programmer IV,63
Assistant Trainer,182
Research Assistant II,754
Financial Analyst,68
Data Coordiator,356
Web Developer IV,66
Business Analyst,708
Relationshiop Manager,214
Solutions Engineer Manager,214
Senior Developer,361
Chief Design Engineer,92
Software Test Engineer III,87
Financial Advisor,28
Legal Assistant,20
Systems Administrator II,74
Systems Administrator I,374
Marketing Manager,1
Paralegal,64
Database Administrator III,83
VP Product Management,41
Administrative Assistant IV,8
Accounting Assistant II,83
Staff Accountant I,441
Assistant Professor,1
Account Coordinator,2
Software Consultant,336
Engineer I,9
Senior Financial Analyst,59
Engineer II,6
Human Resources Assistant III,15
Service Tech,327
Support Staff,104
Content Developer,54
Automation Specialist I,28
Automation Specialist III,13
Mechanical Systems Engineer,28
Staff Scientist,33
Systems Administrator III,84
Recruiter,234
Senior Attorney,40
Business Development Manager,5
General Manager,32
Sales Representative,5
Software Engineer I,397
Help Desk Technician,336
Product Engineer,59
Director of Sales,9
Junior Trainer,181
Electrical Engineer,31
Service Tech II,327
VP Quality Control,43
Human Resources Analyst II,613
Human Resources Analyst,408
Accountant III,86
Office Assistant II,1
Software Engineer III,100
Senior Sales Associate,14
Database Administrator IV,83
Senior Quality Engineer,152
Accountant IV,87
VP Accounting,77
Help Desk Operator,92
Trainer II,182
Research Assistant,40
Pre-Sales Consultant,214
Engineer IV,3
Editor,92
VP Sales,6
Trainer I,182
Web Developer I,99
Customer Success Manager,214
Computer Systems Analyst I,90
Senior Recruiter,204
Developer IV,76
Analyst Programmer,372
Desktop Support Technician,321
Staff Accountant II,80
Research Assistant III,18
Senior Trainer,182
Structural Analysis Engineer,48
Support Staff III,20
Software Engineer IV,94
Automation Specialist IV,21
Sales Associate,7
Statistician IV,2
Software Test Engineer IV,88
Web Designer III,13
Web Designer II,4
Cost Accountant,308
Staff Accountant III,96
Programmer II,79
Analog Circuit Design manager,48
Human Resources Assistant II,10
Administrative Assistant II,46
Solutions Engineer,214
Database Administrator II,91
Information Systems Manager,35
Attorney,40
Human Resources Assistant I,15
Accounting Assistant I,89
Media Manager I,129
Actuary,28
Automation Specialist II,30
Developer III,83
Data Visualization Specialist,457
Budget/Accounting Analyst II,166
Compensation Analyst,31
Human Resources Assistant IV,12
Internal Auditor,52
Web Developer II,77
Programmer I,86
Statistician III,4
Project Manager,340
Budget/Accounting Analyst I,161
Engineer III,5
Content Developer III,54
Software Engineer II,84
Computer Systems Analyst II,92
Research Assistant I,538
Administrative Assistant,40
Design Engineer,54
Software Test Engineer II,74
Staff Accountant IV,102
Business Systems Development Analyst,341
Budget/Accounting Analyst III,160
Programmer Analyst IV,76
Service Coordinator,327
Senior Editor,141
Service Manager,327
Training Manager,182
Account Executive,505
Developer II,67
Programmer III,81
Support Staff II,59
Community Outreach Specialist,30
Accounting Assistant IV,95
Budget/Accounting Analyst IV,181
Service Tech III,339
Office Assistant IV,1
Recruiting Manager,22
Programmer Analyst III,80
Marketing Assistant,8
Graphic Designer,12
Structural Engineer,307
Developer I,81
Web Designer IV,8
Administrative Assistant III,16
Associate Professor,1
Content Developer II,54
Account Manager,214
Web Designer I,34
VP of Training and Development,1
Statistician II,12
Payment Adjustment Coordinator,23
Administrative Officer,59
Executive Secretary,2
Accountant II,89
Statistician I,12
Trainer III,182
Systems Administrator IV,88
Software Test Engineer I,88
Research Assistant IV,7
Computer Systems Analyst IV,72
Quality Control Specialist,138
Accountant I,79
Database Administrator I,84
Operator,225
Office Assistant I,7
Computer Systems Analyst III,76
Executive Assistant,40
Programmer Analyst II,93
Tax Accountant,303
Accounting Assistant III,72
Assistant Manager,45
Programmer Analyst I,94
Research Associate,208
VP Marketing,42
Media Manager II,49
Senior Cost Accountant,317
Librarian,27
HR Manager,204
Human Resources Manager,63
Web Developer III,71
